,Unnamed: 0,year,ethnicity,age,population,regroup_age
0,0,1957,Total Residents,0  -  4 Years,264727,0 - 14 Years
1,1,1957,Total Residents,5  -  9 Years,218097,0 - 14 Years
2,2,1957,Total Residents,10 - 14 Years,136280,0 - 14 Years
3,3,1957,Total Residents,15 - 19 Years,135679,15 - 24 Years
4,4,1957,Total Residents,20 - 24 Years,119266,15 - 24 Years
5,5,1957,Total Residents,25 - 29 Years,111726,25 - 39 Years
6,6,1957,Total Residents,30 - 34 Years,89925,25 - 39 Years
7,7,1957,Total Residents,35 - 39 Years,82709,25 - 39 Years
8,8,1957,Total Residents,40 - 44 Years,76217,40 - 54 Years
9,9,1957,Total Residents,45 - 49 Years,66716,40 - 54 Years
10,10,1957,Total Residents,50 - 54 Years,51794,40 - 54 Years
11,11,1957,Total Residents,55 - 59 Years,37456,55 - 69 Years
12,12,1957,Total Residents,60 - 64 Years,24276,55 - 69 Years
13,13,1957,Total Residents,65 - 69 Years,15399,55 - 69 Years
14,14,1957,Total Residents,70 - 74 Years,8774,70 - 79 Years
15,15,1957,Total Residents,75 - 79 Years,4225,70 - 79 Years
16,16,1957,Total Residents,80 - 84 Years,1786,80 Years and Above
330,330,1958,Total Residents,0  -  4 Years,277800,0 - 14 Years
331,331,1958,Total Residents,5  -  9 Years,229600,0 - 14 Years
332,332,1958,Total Residents,10 - 14 Years,157100,0 - 14 Years
333,333,1958,Total Residents,15 - 19 Years,134300,15 - 24 Years
334,334,1958,Total Residents,20 - 24 Years,124900,15 - 24 Years
335,335,1958,Total Residents,25 - 29 Years,114700,25 - 39 Years
336,336,1958,Total Residents,30 - 34 Years,95100,25 - 39 Years
337,337,1958,Total Residents,35 - 39 Years,84300,25 - 39 Years
338,338,1958,Total Residents,40 - 44 Years,77500,40 - 54 Years
339,339,1958,Total Residents,45 - 49 Years,69300,40 - 54 Years
340,340,1958,Total Residents,50 - 54 Years,54200,40 - 54 Years
341,341,1958,Total Residents,55 - 59 Years,40400,55 - 69 Years
342,342,1958,Total Residents,60 - 64 Years,25900,55 - 69 Years
343,343,1958,Total Residents,65 - 69 Years,17100,55 - 69 Years
344,344,1958,Total Residents,70 - 74 Years,na,70 - 79 Years
345,345,1958,Total Residents,75 - 79 Years,na,70 - 79 Years
346,346,1958,Total Residents,80 - 84 Years,na,80 Years and Above
660,660,1959,Total Residents,0  -  4 Years,288800,0 - 14 Years
661,661,1959,Total Residents,5  -  9 Years,241000,0 - 14 Years
662,662,1959,Total Residents,10 - 14 Years,175700,0 - 14 Years
663,663,1959,Total Residents,15 - 19 Years,131500,15 - 24 Years
664,664,1959,Total Residents,20 - 24 Years,133100,15 - 24 Years
665,665,1959,Total Residents,25 - 29 Years,115100,25 - 39 Years
666,666,1959,Total Residents,30 - 34 Years,102100,25 - 39 Years
667,667,1959,Total Residents,35 - 39 Years,85200,25 - 39 Years
668,668,1959,Total Residents,40 - 44 Years,79100,40 - 54 Years
669,669,1959,Total Residents,45 - 49 Years,72400,40 - 54 Years
670,670,1959,Total Residents,50 - 54 Years,57300,40 - 54 Years
671,671,1959,Total Residents,55 - 59 Years,42900,55 - 69 Years
672,672,1959,Total Residents,60 - 64 Years,27300,55 - 69 Years
673,673,1959,Total Residents,65 - 69 Years,17800,55 - 69 Years
674,674,1959,Total Residents,70 - 74 Years,na,70 - 79 Years
675,675,1959,Total Residents,75 - 79 Years,na,70 - 79 Years
676,676,1959,Total Residents,80 - 84 Years,na,80 Years and Above
990,990,1960,Total Residents,0  -  4 Years,297000,0 - 14 Years
991,991,1960,Total Residents,5  -  9 Years,250300,0 - 14 Years
992,992,1960,Total Residents,10 - 14 Years,200300,0 - 14 Years
993,993,1960,Total Residents,15 - 19 Years,124700,15 - 24 Years
994,994,1960,Total Residents,20 - 24 Years,139500,15 - 24 Years
995,995,1960,Total Residents,25 - 29 Years,116200,25 - 39 Years
996,996,1960,Total Residents,30 - 34 Years,106600,25 - 39 Years
997,997,1960,Total Residents,35 - 39 Years,86400,25 - 39 Years
998,998,1960,Total Residents,40 - 44 Years,80500,40 - 54 Years
999,999,1960,Total Residents,45 - 49 Years,74400,40 - 54 Years
1000,1000,1960,Total Residents,50 - 54 Years,59600,40 - 54 Years
1001,1001,1960,Total Residents,55 - 59 Years,44700,55 - 69 Years
1002,1002,1960,Total Residents,60 - 64 Years,28700,55 - 69 Years
1003,1003,1960,Total Residents,65 - 69 Years,18400,55 - 69 Years
1004,1004,1960,Total Residents,70 - 74 Years,na,70 - 79 Years
1005,1005,1960,Total Residents,75 - 79 Years,na,70 - 79 Years
1006,1006,1960,Total Residents,80 - 84 Years,na,80 Years and Above
1320,1320,1961,Total Residents,0  -  4 Years,303700,0 - 14 Years
1321,1321,1961,Total Residents,5  -  9 Years,258900,0 - 14 Years
1322,1322,1961,Total Residents,10 - 14 Years,217400,0 - 14 Years
1323,1323,1961,Total Residents,15 - 19 Years,124900,15 - 24 Years
1324,1324,1961,Total Residents,20 - 24 Years,142500,15 - 24 Years
1325,1325,1961,Total Residents,25 - 29 Years,119600,25 - 39 Years
1326,1326,1961,Total Residents,30 - 34 Years,112300,25 - 39 Years
1327,1327,1961,Total Residents,35 - 39 Years,86200,25 - 39 Years
1328,1328,1961,Total Residents,40 - 44 Years,83100,40 - 54 Years
1329,1329,1961,Total Residents,45 - 49 Years,74300,40 - 54 Years
1330,1330,1961,Total Residents,50 - 54 Years,62600,40 - 54 Years
1331,1331,1961,Total Residents,55 - 59 Years,45900,55 - 69 Years
1332,1332,1961,Total Residents,60 - 64 Years,32200,55 - 69 Years
1333,1333,1961,Total Residents,65 - 69 Years,19000,55 - 69 Years
1334,1334,1961,Total Residents,70 - 74 Years,na,70 - 79 Years
1335,1335,1961,Total Residents,75 - 79 Years,na,70 - 79 Years
1336,1336,1961,Total Residents,80 - 84 Years,na,80 Years and Above
1650,1650,1962,Total Residents,0  -  4 Years,306100,0 - 14 Years
1651,1651,1962,Total Residents,5  -  9 Years,266700,0 - 14 Years
1652,1652,1962,Total Residents,10 - 14 Years,223900,0 - 14 Years
1653,1653,1962,Total Residents,15 - 19 Years,140000,15 - 24 Years
1654,1654,1962,Total Residents,20 - 24 Years,139400,15 - 24 Years
1655,1655,1962,Total Residents,25 - 29 Years,122100,25 - 39 Years
1656,1656,1962,Total Residents,30 - 34 Years,113000,25 - 39 Years
1657,1657,1962,Total Residents,35 - 39 Years,90600,25 - 39 Years
1658,1658,1962,Total Residents,40 - 44 Years,82400,40 - 54 Years
1659,1659,1962,Total Residents,45 - 49 Years,75500,40 - 54 Years
1660,1660,1962,Total Residents,50 - 54 Years,65700,40 - 54 Years
1661,1661,1962,Total Residents,55 - 59 Years,49600,55 - 69 Years
1662,1662,1962,Total Residents,60 - 64 Years,33800,55 - 69 Years
1663,1663,1962,Total Residents,65 - 69 Years,20300,55 - 69 Years
1664,1664,1962,Total Residents,70 - 74 Years,na,70 - 79 Years
1665,1665,1962,Total Residents,75 - 79 Years,na,70 - 79 Years
1666,1666,1962,Total Residents,80 - 84 Years,na,80 Years and Above
1980,1980,1963,Total Residents,0  -  4 Years,303000,0 - 14 Years
1981,1981,1963,Total Residents,5  -  9 Years,276000,0 - 14 Years
1982,1982,1963,Total Residents,10 - 14 Years,232000,0 - 14 Years
1983,1983,1963,Total Residents,15 - 19 Years,159000,15 - 24 Years
1984,1984,1963,Total Residents,20 - 24 Years,135200,15 - 24 Years
1985,1985,1963,Total Residents,25 - 29 Years,125000,25 - 39 Years
1986,1986,1963,Total Residents,30 - 34 Years,114600,25 - 39 Years
1987,1987,1963,Total Residents,35 - 39 Years,93800,25 - 39 Years
1988,1988,1963,Total Residents,40 - 44 Years,83000,40 - 54 Years
1989,1989,1963,Total Residents,45 - 49 Years,75900,40 - 54 Years
1990,1990,1963,Total Residents,50 - 54 Years,67100,40 - 54 Years
1991,1991,1963,Total Residents,55 - 59 Years,51000,55 - 69 Years
1992,1992,1963,Total Residents,60 - 64 Years,35600,55 - 69 Years
1993,1993,1963,Total Residents,65 - 69 Years,21600,55 - 69 Years
1994,1994,1963,Total Residents,70 - 74 Years,na,70 - 79 Years
1995,1995,1963,Total Residents,75 - 79 Years,na,70 - 79 Years
1996,1996,1963,Total Residents,80 - 84 Years,na,80 Years and Above
2310,2310,1964,Total Residents,0  -  4 Years,299900,0 - 14 Years
2311,2311,1964,Total Residents,5  -  9 Years,284000,0 - 14 Years
2312,2312,1964,Total Residents,10 - 14 Years,240200,0 - 14 Years
2313,2313,1964,Total Residents,15 - 19 Years,175800,15 - 24 Years
2314,2314,1964,Total Residents,20 - 24 Years,130500,15 - 24 Years
2315,2315,1964,Total Residents,25 - 29 Years,132000,25 - 39 Years
2316,2316,1964,Total Residents,30 - 34 Years,113100,25 - 39 Years
2317,2317,1964,Total Residents,35 - 39 Years,100200,25 - 39 Years
2318,2318,1964,Total Residents,40 - 44 Years,82700,40 - 54 Years
2319,2319,1964,Total Residents,45 - 49 Years,77100,40 - 54 Years
2320,2320,1964,Total Residents,50 - 54 Years,68500,40 - 54 Years
2321,2321,1964,Total Residents,55 - 59 Years,53700,55 - 69 Years
2322,2322,1964,Total Residents,60 - 64 Years,38200,55 - 69 Years
2323,2323,1964,Total Residents,65 - 69 Years,22300,55 - 69 Years
2324,2324,1964,Total Residents,70 - 74 Years,na,70 - 79 Years
2325,2325,1964,Total Residents,75 - 79 Years,na,70 - 79 Years
2326,2326,1964,Total Residents,80 - 84 Years,na,80 Years and Above
2640,2640,1965,Total Residents,0  -  4 Years,293500,0 - 14 Years
2641,2641,1965,Total Residents,5  -  9 Years,291100,0 - 14 Years
2642,2642,1965,Total Residents,10 - 14 Years,248500,0 - 14 Years
2643,2643,1965,Total Residents,15 - 19 Years,198600,15 - 24 Years
2644,2644,1965,Total Residents,20 - 24 Years,123800,15 - 24 Years
2645,2645,1965,Total Residents,25 - 29 Years,137900,25 - 39 Years
2646,2646,1965,Total Residents,30 - 34 Years,114700,25 - 39 Years
2647,2647,1965,Total Residents,35 - 39 Years,104000,25 - 39 Years
2648,2648,1965,Total Residents,40 - 44 Years,84400,40 - 54 Years
2649,2649,1965,Total Residents,45 - 49 Years,77200,40 - 54 Years
2650,2650,1965,Total Residents,50 - 54 Years,70700,40 - 54 Years
2651,2651,1965,Total Residents,55 - 59 Years,54900,55 - 69 Years
2652,2652,1965,Total Residents,60 - 64 Years,39700,55 - 69 Years
2653,2653,1965,Total Residents,65 - 69 Years,24000,55 - 69 Years
2654,2654,1965,Total Residents,70 - 74 Years,na,70 - 79 Years
2655,2655,1965,Total Residents,75 - 79 Years,na,70 - 79 Years
2656,2656,1965,Total Residents,80 - 84 Years,na,80 Years and Above
2970,2970,1966,Total Residents,0  -  4 Years,289600,0 - 14 Years
2971,2971,1966,Total Residents,5  -  9 Years,297600,0 - 14 Years
2972,2972,1966,Total Residents,10 - 14 Years,257300,0 - 14 Years
2973,2973,1966,Total Residents,15 - 19 Years,215200,15 - 24 Years
2974,2974,1966,Total Residents,20 - 24 Years,123200,15 - 24 Years
2975,2975,1966,Total Residents,25 - 29 Years,140000,25 - 39 Years
2976,2976,1966,Total Residents,30 - 34 Years,117400,25 - 39 Years
2977,2977,1966,Total Residents,35 - 39 Years,109200,25 - 39 Years
2978,2978,1966,Total Residents,40 - 44 Years,85000,40 - 54 Years
2979,2979,1966,Total Residents,45 - 49 Years,80200,40 - 54 Years
2980,2980,1966,Total Residents,50 - 54 Years,70600,40 - 54 Years
2981,2981,1966,Total Residents,55 - 59 Years,56600,55 - 69 Years
2982,2982,1966,Total Residents,60 - 64 Years,41100,55 - 69 Years
2983,2983,1966,Total Residents,65 - 69 Years,25600,55 - 69 Years
2984,2984,1966,Total Residents,70 - 74 Years,na,70 - 79 Years
2985,2985,1966,Total Residents,75 - 79 Years,na,70 - 79 Years
2986,2986,1966,Total Residents,80 - 84 Years,na,80 Years and Above
3300,3300,1967,Total Residents,0  -  4 Years,283100,0 - 14 Years
3301,3301,1967,Total Residents,5  -  9 Years,300300,0 - 14 Years
3302,3302,1967,Total Residents,10 - 14 Years,265100,0 - 14 Years
3303,3303,1967,Total Residents,15 - 19 Years,222500,15 - 24 Years
3304,3304,1967,Total Residents,20 - 24 Years,138800,15 - 24 Years
3305,3305,1967,Total Residents,25 - 29 Years,138400,25 - 39 Years
3306,3306,1967,Total Residents,30 - 34 Years,120300,25 - 39 Years
3307,3307,1967,Total Residents,35 - 39 Years,111300,25 - 39 Years
3308,3308,1967,Total Residents,40 - 44 Years,87700,40 - 54 Years
3309,3309,1967,Total Residents,45 - 49 Years,79800,40 - 54 Years
3310,3310,1967,Total Residents,50 - 54 Years,71800,40 - 54 Years
3311,3311,1967,Total Residents,55 - 59 Years,60100,55 - 69 Years
3312,3312,1967,Total Residents,60 - 64 Years,43800,55 - 69 Years
3313,3313,1967,Total Residents,65 - 69 Years,27900,55 - 69 Years
3314,3314,1967,Total Residents,70 - 74 Years,na,70 - 79 Years
3315,3315,1967,Total Residents,75 - 79 Years,na,70 - 79 Years
3316,3316,1967,Total Residents,80 - 84 Years,na,80 Years and Above
3630,3630,1968,Total Residents,0  -  4 Years,272800,0 - 14 Years
3631,3631,1968,Total Residents,5  -  9 Years,297900,0 - 14 Years
3632,3632,1968,Total Residents,10 - 14 Years,273900,0 - 14 Years
3633,3633,1968,Total Residents,15 - 19 Years,229800,15 - 24 Years
3634,3634,1968,Total Residents,20 - 24 Years,158000,15 - 24 Years
3635,3635,1968,Total Residents,25 - 29 Years,134200,25 - 39 Years
3636,3636,1968,Total Residents,30 - 34 Years,123600,25 - 39 Years
3637,3637,1968,Total Residents,35 - 39 Years,112100,25 - 39 Years
3638,3638,1968,Total Residents,40 - 44 Years,91900,40 - 54 Years
3639,3639,1968,Total Residents,45 - 49 Years,80300,40 - 54 Years
3640,3640,1968,Total Residents,50 - 54 Years,73000,40 - 54 Years
3641,3641,1968,Total Residents,55 - 59 Years,61400,55 - 69 Years
3642,3642,1968,Total Residents,60 - 64 Years,45400,55 - 69 Years
3643,3643,1968,Total Residents,65 - 69 Years,30100,55 - 69 Years
3644,3644,1968,Total Residents,70 - 74 Years,na,70 - 79 Years
3645,3645,1968,Total Residents,75 - 79 Years,na,70 - 79 Years
3646,3646,1968,Total Residents,80 - 84 Years,na,80 Years and Above
3960,3960,1969,Total Residents,0  -  4 Years,257900,0 - 14 Years
3961,3961,1969,Total Residents,5  -  9 Years,295100,0 - 14 Years
3962,3962,1969,Total Residents,10 - 14 Years,282000,0 - 14 Years
3963,3963,1969,Total Residents,15 - 19 Years,238700,15 - 24 Years
3964,3964,1969,Total Residents,20 - 24 Years,174500,15 - 24 Years
3965,3965,1969,Total Residents,25 - 29 Years,129000,25 - 39 Years
3966,3966,1969,Total Residents,30 - 34 Years,130900,25 - 39 Years
3967,3967,1969,Total Residents,35 - 39 Years,111600,25 - 39 Years
3968,3968,1969,Total Residents,40 - 44 Years,96900,40 - 54 Years
3969,3969,1969,Total Residents,45 - 49 Years,80800,40 - 54 Years
3970,3970,1969,Total Residents,50 - 54 Years,73400,40 - 54 Years
3971,3971,1969,Total Residents,55 - 59 Years,63800,55 - 69 Years
3972,3972,1969,Total Residents,60 - 64 Years,47400,55 - 69 Years
3973,3973,1969,Total Residents,65 - 69 Years,31800,55 - 69 Years
3974,3974,1969,Total Residents,70 - 74 Years,na,70 - 79 Years
3975,3975,1969,Total Residents,75 - 79 Years,na,70 - 79 Years
3976,3976,1969,Total Residents,80 - 84 Years,na,80 Years and Above
4290,4290,1970,Total Residents,0  -  4 Years,230165,0 - 14 Years
4291,4291,1970,Total Residents,5  -  9 Years,273997,0 - 14 Years
4292,4292,1970,Total Residents,10 - 14 Years,283627,0 - 14 Years
4293,4293,1970,Total Residents,15 - 19 Years,240682,15 - 24 Years
4294,4294,1970,Total Residents,20 - 24 Years,193974,15 - 24 Years
4295,4295,1970,Total Residents,25 - 29 Years,124587,25 - 39 Years
4296,4296,1970,Total Residents,30 - 34 Years,130130,25 - 39 Years
4297,4297,1970,Total Residents,35 - 39 Years,109044,25 - 39 Years
4298,4298,1970,Total Residents,40 - 44 Years,97975,40 - 54 Years
4299,4299,1970,Total Residents,45 - 49 Years,79565,40 - 54 Years
4300,4300,1970,Total Residents,50 - 54 Years,69675,40 - 54 Years
4301,4301,1970,Total Residents,55 - 59 Years,64035,55 - 69 Years
4302,4302,1970,Total Residents,60 - 64 Years,47962,55 - 69 Years
4303,4303,1970,Total Residents,65 - 69 Years,32895,55 - 69 Years
4304,4304,1970,Total Residents,70 - 74 Years,18484,70 - 79 Years
4305,4305,1970,Total Residents,75 - 79 Years,10006,70 - 79 Years
4306,4306,1970,Total Residents,80 - 84 Years,na,80 Years and Above
4620,4620,1971,Total Residents,0  -  4 Years,228200,0 - 14 Years
4621,4621,1971,Total Residents,5  -  9 Years,276700,0 - 14 Years
4622,4622,1971,Total Residents,10 - 14 Years,292200,0 - 14 Years
4623,4623,1971,Total Residents,15 - 19 Years,256000,15 - 24 Years
4624,4624,1971,Total Residents,20 - 24 Years,220100,15 - 24 Years
4625,4625,1971,Total Residents,25 - 29 Years,132400,25 - 39 Years
4626,4626,1971,Total Residents,30 - 34 Years,140300,25 - 39 Years
4627,4627,1971,Total Residents,35 - 39 Years,115700,25 - 39 Years
4628,4628,1971,Total Residents,40 - 44 Years,104800,40 - 54 Years
4629,4629,1971,Total Residents,45 - 49 Years,83400,40 - 54 Years
4630,4630,1971,Total Residents,50 - 54 Years,72700,40 - 54 Years
4631,4631,1971,Total Residents,55 - 59 Years,64900,55 - 69 Years
4632,4632,1971,Total Residents,60 - 64 Years,51800,55 - 69 Years
4633,4633,1971,Total Residents,65 - 69 Years,34400,55 - 69 Years
4634,4634,1971,Total Residents,70 - 74 Years,na,70 - 79 Years
4635,4635,1971,Total Residents,75 - 79 Years,na,70 - 79 Years
4636,4636,1971,Total Residents,80 - 84 Years,na,80 Years and Above
4950,4950,1972,Total Residents,0  -  4 Years,226000,0 - 14 Years
4951,4951,1972,Total Residents,5  -  9 Years,269500,0 - 14 Years
4952,4952,1972,Total Residents,10 - 14 Years,292600,0 - 14 Years
4953,4953,1972,Total Residents,15 - 19 Years,268300,15 - 24 Years
4954,4954,1972,Total Residents,20 - 24 Years,225800,15 - 24 Years
4955,4955,1972,Total Residents,25 - 29 Years,148200,25 - 39 Years
4956,4956,1972,Total Residents,30 - 34 Years,142600,25 - 39 Years
4957,4957,1972,Total Residents,35 - 39 Years,118000,25 - 39 Years
4958,4958,1972,Total Residents,40 - 44 Years,106300,40 - 54 Years
4959,4959,1972,Total Residents,45 - 49 Years,85100,40 - 54 Years
4960,4960,1972,Total Residents,50 - 54 Years,73500,40 - 54 Years
4961,4961,1972,Total Residents,55 - 59 Years,63400,55 - 69 Years
4962,4962,1972,Total Residents,60 - 64 Years,54200,55 - 69 Years
4963,4963,1972,Total Residents,65 - 69 Years,36500,55 - 69 Years
4964,4964,1972,Total Residents,70 - 74 Years,na,70 - 79 Years
4965,4965,1972,Total Residents,75 - 79 Years,na,70 - 79 Years
4966,4966,1972,Total Residents,80 - 84 Years,na,80 Years and Above
5280,5280,1973,Total Residents,0  -  4 Years,227200,0 - 14 Years
5281,5281,1973,Total Residents,5  -  9 Years,260000,0 - 14 Years
5282,5282,1973,Total Residents,10 - 14 Years,290500,0 - 14 Years
5283,5283,1973,Total Residents,15 - 19 Years,278000,15 - 24 Years
5284,5284,1973,Total Residents,20 - 24 Years,233400,15 - 24 Years
5285,5285,1973,Total Residents,25 - 29 Years,166800,25 - 39 Years
5286,5286,1973,Total Residents,30 - 34 Years,143200,25 - 39 Years
5287,5287,1973,Total Residents,35 - 39 Years,119300,25 - 39 Years
5288,5288,1973,Total Residents,40 - 44 Years,107400,40 - 54 Years
5289,5289,1973,Total Residents,45 - 49 Years,88700,40 - 54 Years
5290,5290,1973,Total Residents,50 - 54 Years,75200,40 - 54 Years
5291,5291,1973,Total Residents,55 - 59 Years,63900,55 - 69 Years
5292,5292,1973,Total Residents,60 - 64 Years,56100,55 - 69 Years
5293,5293,1973,Total Residents,65 - 69 Years,37600,55 - 69 Years
5294,5294,1973,Total Residents,70 - 74 Years,na,70 - 79 Years
5295,5295,1973,Total Residents,75 - 79 Years,na,70 - 79 Years
5296,5296,1973,Total Residents,80 - 84 Years,na,80 Years and Above
5610,5610,1974,Total Residents,0  -  4 Years,227800,0 - 14 Years
5611,5611,1974,Total Residents,5  -  9 Years,247000,0 - 14 Years
5612,5612,1974,Total Residents,10 - 14 Years,289700,0 - 14 Years
5613,5613,1974,Total Residents,15 - 19 Years,285000,15 - 24 Years
5614,5614,1974,Total Residents,20 - 24 Years,241900,15 - 24 Years
5615,5615,1974,Total Residents,25 - 29 Years,183400,25 - 39 Years
5616,5616,1974,Total Residents,30 - 34 Years,141100,25 - 39 Years
5617,5617,1974,Total Residents,35 - 39 Years,127500,25 - 39 Years
5618,5618,1974,Total Residents,40 - 44 Years,107600,40 - 54 Years
5619,5619,1974,Total Residents,45 - 49 Years,92400,40 - 54 Years
5620,5620,1974,Total Residents,50 - 54 Years,75800,40 - 54 Years
5621,5621,1974,Total Residents,55 - 59 Years,64700,55 - 69 Years
5622,5622,1974,Total Residents,60 - 64 Years,57200,55 - 69 Years
5623,5623,1974,Total Residents,65 - 69 Years,40100,55 - 69 Years
5624,5624,1974,Total Residents,70 - 74 Years,na,70 - 79 Years
5625,5625,1974,Total Residents,75 - 79 Years,na,70 - 79 Years
5626,5626,1974,Total Residents,80 - 84 Years,na,80 Years and Above
5940,5940,1975,Total Residents,0  -  4 Years,228000,0 - 14 Years
5941,5941,1975,Total Residents,5  -  9 Years,234300,0 - 14 Years
5942,5942,1975,Total Residents,10 - 14 Years,283600,0 - 14 Years
5943,5943,1975,Total Residents,15 - 19 Years,292800,15 - 24 Years
5944,5944,1975,Total Residents,20 - 24 Years,249600,15 - 24 Years
5945,5945,1975,Total Residents,25 - 29 Years,207100,25 - 39 Years
5946,5946,1975,Total Residents,30 - 34 Years,134100,25 - 39 Years
5947,5947,1975,Total Residents,35 - 39 Years,134000,25 - 39 Years
5948,5948,1975,Total Residents,40 - 44 Years,110200,40 - 54 Years
5949,5949,1975,Total Residents,45 - 49 Years,97000,40 - 54 Years
5950,5950,1975,Total Residents,50 - 54 Years,76900,40 - 54 Years
5951,5951,1975,Total Residents,55 - 59 Years,66000,55 - 69 Years
5952,5952,1975,Total Residents,60 - 64 Years,57500,55 - 69 Years
5953,5953,1975,Total Residents,65 - 69 Years,41400,55 - 69 Years
5954,5954,1975,Total Residents,70 - 74 Years,na,70 - 79 Years
5955,5955,1975,Total Residents,75 - 79 Years,na,70 - 79 Years
5956,5956,1975,Total Residents,80 - 84 Years,na,80 Years and Above
6270,6270,1976,Total Residents,0  -  4 Years,221300,0 - 14 Years
6271,6271,1976,Total Residents,5  -  9 Years,227300,0 - 14 Years
6272,6272,1976,Total Residents,10 - 14 Years,277900,0 - 14 Years
6273,6273,1976,Total Residents,15 - 19 Years,296200,15 - 24 Years
6274,6274,1976,Total Residents,20 - 24 Years,260100,15 - 24 Years
6275,6275,1976,Total Residents,25 - 29 Years,223800,25 - 39 Years
6276,6276,1976,Total Residents,30 - 34 Years,133800,25 - 39 Years
6277,6277,1976,Total Residents,35 - 39 Years,139000,25 - 39 Years
6278,6278,1976,Total Residents,40 - 44 Years,113200,40 - 54 Years
6279,6279,1976,Total Residents,45 - 49 Years,100500,40 - 54 Years
6280,6280,1976,Total Residents,50 - 54 Years,78300,40 - 54 Years
6281,6281,1976,Total Residents,55 - 59 Years,67700,55 - 69 Years
6282,6282,1976,Total Residents,60 - 64 Years,57400,55 - 69 Years
6283,6283,1976,Total Residents,65 - 69 Years,44100,55 - 69 Years
6284,6284,1976,Total Residents,70 - 74 Years,na,70 - 79 Years
6285,6285,1976,Total Residents,75 - 79 Years,na,70 - 79 Years
6286,6286,1976,Total Residents,80 - 84 Years,na,80 Years and Above
6600,6600,1977,Total Residents,0  -  4 Years,215100,0 - 14 Years
6601,6601,1977,Total Residents,5  -  9 Years,224500,0 - 14 Years
6602,6602,1977,Total Residents,10 - 14 Years,269700,0 - 14 Years
6603,6603,1977,Total Residents,15 - 19 Years,296900,15 - 24 Years
6604,6604,1977,Total Residents,20 - 24 Years,272000,15 - 24 Years
6605,6605,1977,Total Residents,25 - 29 Years,229000,25 - 39 Years
6606,6606,1977,Total Residents,30 - 34 Years,151200,25 - 39 Years
6607,6607,1977,Total Residents,35 - 39 Years,142300,25 - 39 Years
6608,6608,1977,Total Residents,40 - 44 Years,114700,40 - 54 Years
6609,6609,1977,Total Residents,45 - 49 Years,102400,40 - 54 Years
6610,6610,1977,Total Residents,50 - 54 Years,81100,40 - 54 Years
6611,6611,1977,Total Residents,55 - 59 Years,68200,55 - 69 Years
6612,6612,1977,Total Residents,60 - 64 Years,57100,55 - 69 Years
6613,6613,1977,Total Residents,65 - 69 Years,46300,55 - 69 Years
6614,6614,1977,Total Residents,70 - 74 Years,na,70 - 79 Years
6615,6615,1977,Total Residents,75 - 79 Years,na,70 - 79 Years
6616,6616,1977,Total Residents,80 - 84 Years,na,80 Years and Above
6930,6930,1978,Total Residents,0  -  4 Years,204200,0 - 14 Years
6931,6931,1978,Total Residents,5  -  9 Years,225200,0 - 14 Years
6932,6932,1978,Total Residents,10 - 14 Years,259500,0 - 14 Years
6933,6933,1978,Total Residents,15 - 19 Years,295900,15 - 24 Years
6934,6934,1978,Total Residents,20 - 24 Years,281400,15 - 24 Years
6935,6935,1978,Total Residents,25 - 29 Years,236700,25 - 39 Years
6936,6936,1978,Total Residents,30 - 34 Years,169400,25 - 39 Years
6937,6937,1978,Total Residents,35 - 39 Years,143000,25 - 39 Years
6938,6938,1978,Total Residents,40 - 44 Years,117100,40 - 54 Years
6939,6939,1978,Total Residents,45 - 49 Years,103800,40 - 54 Years
6940,6940,1978,Total Residents,50 - 54 Years,84500,40 - 54 Years
6941,6941,1978,Total Residents,55 - 59 Years,69600,55 - 69 Years
6942,6942,1978,Total Residents,60 - 64 Years,57400,55 - 69 Years
6943,6943,1978,Total Residents,65 - 69 Years,47900,55 - 69 Years
6944,6944,1978,Total Residents,70 - 74 Years,na,70 - 79 Years
6945,6945,1978,Total Residents,75 - 79 Years,na,70 - 79 Years
6946,6946,1978,Total Residents,80 - 84 Years,na,80 Years and Above
7260,7260,1979,Total Residents,0  -  4 Years,198000,0 - 14 Years
7261,7261,1979,Total Residents,5  -  9 Years,225400,0 - 14 Years
7262,7262,1979,Total Residents,10 - 14 Years,246300,0 - 14 Years
7263,7263,1979,Total Residents,15 - 19 Years,293900,15 - 24 Years
7264,7264,1979,Total Residents,20 - 24 Years,289000,15 - 24 Years
7265,7265,1979,Total Residents,25 - 29 Years,244900,25 - 39 Years
7266,7266,1979,Total Residents,30 - 34 Years,187100,25 - 39 Years
7267,7267,1979,Total Residents,35 - 39 Years,142100,25 - 39 Years
7268,7268,1979,Total Residents,40 - 44 Years,125200,40 - 54 Years
7269,7269,1979,Total Residents,45 - 49 Years,104300,40 - 54 Years
7270,7270,1979,Total Residents,50 - 54 Years,88700,40 - 54 Years
7271,7271,1979,Total Residents,55 - 59 Years,70500,55 - 69 Years
7272,7272,1979,Total Residents,60 - 64 Years,58300,55 - 69 Years
7273,7273,1979,Total Residents,65 - 69 Years,48900,55 - 69 Years
7274,7274,1979,Total Residents,70 - 74 Years,na,70 - 79 Years
7275,7275,1979,Total Residents,75 - 79 Years,na,70 - 79 Years
7276,7276,1979,Total Residents,80 - 84 Years,na,80 Years and Above
7590,7590,1980,Total Residents,0  -  4 Years,185840,0 - 14 Years
7591,7591,1980,Total Residents,5  -  9 Years,216630,0 - 14 Years
7592,7592,1980,Total Residents,10 - 14 Years,228146,0 - 14 Years
7593,7593,1980,Total Residents,15 - 19 Years,270536,15 - 24 Years
7594,7594,1980,Total Residents,20 - 24 Years,272178,15 - 24 Years
7595,7595,1980,Total Residents,25 - 29 Years,232795,25 - 39 Years
7596,7596,1980,Total Residents,30 - 34 Years,194250,25 - 39 Years
7597,7597,1980,Total Residents,35 - 39 Years,124696,25 - 39 Years
7598,7598,1980,Total Residents,40 - 44 Years,124089,40 - 54 Years
7599,7599,1980,Total Residents,45 - 49 Years,102962,40 - 54 Years
7600,7600,1980,Total Residents,50 - 54 Years,90174,40 - 54 Years
7601,7601,1980,Total Residents,55 - 59 Years,69447,55 - 69 Years
7602,7602,1980,Total Residents,60 - 64 Years,58449,55 - 69 Years
7603,7603,1980,Total Residents,65 - 69 Years,48422,55 - 69 Years
7604,7604,1980,Total Residents,70 - 74 Years,32753,70 - 79 Years
7605,7605,1980,Total Residents,75 - 79 Years,18320,70 - 79 Years
7606,7606,1980,Total Residents,80 - 84 Years,7905,80 Years and Above
7920,7920,1981,Total Residents,0  -  4 Years,189138,0 - 14 Years
7921,7921,1981,Total Residents,5  -  9 Years,211665,0 - 14 Years
7922,7922,1981,Total Residents,10 - 14 Years,221174,0 - 14 Years
7923,7923,1981,Total Residents,15 - 19 Years,266011,15 - 24 Years
7924,7924,1981,Total Residents,20 - 24 Years,278080,15 - 24 Years
7925,7925,1981,Total Residents,25 - 29 Years,245845,25 - 39 Years
7926,7926,1981,Total Residents,30 - 34 Years,210778,25 - 39 Years
7927,7927,1981,Total Residents,35 - 39 Years,124791,25 - 39 Years
7928,7928,1981,Total Residents,40 - 44 Years,129785,40 - 54 Years
7929,7929,1981,Total Residents,45 - 49 Years,105940,40 - 54 Years
7930,7930,1981,Total Residents,50 - 54 Years,93659,40 - 54 Years
7931,7931,1981,Total Residents,55 - 59 Years,71367,55 - 69 Years
7932,7932,1981,Total Residents,60 - 64 Years,60091,55 - 69 Years
7933,7933,1981,Total Residents,65 - 69 Years,48441,55 - 69 Years
7934,7934,1981,Total Residents,70 - 74 Years,35064,70 - 79 Years
7935,7935,1981,Total Residents,75 - 79 Years,na,70 - 79 Years
7936,7936,1981,Total Residents,80 - 84 Years,na,80 Years and Above
8250,8250,1982,Total Residents,0  -  4 Years,191964,0 - 14 Years
8251,8251,1982,Total Residents,5  -  9 Years,206599,0 - 14 Years
8252,8252,1982,Total Residents,10 - 14 Years,218444,0 - 14 Years
8253,8253,1982,Total Residents,15 - 19 Years,259173,15 - 24 Years
8254,8254,1982,Total Residents,20 - 24 Years,278979,15 - 24 Years
8255,8255,1982,Total Residents,25 - 29 Years,259250,25 - 39 Years
8256,8256,1982,Total Residents,30 - 34 Years,216756,25 - 39 Years
8257,8257,1982,Total Residents,35 - 39 Years,142046,25 - 39 Years
8258,8258,1982,Total Residents,40 - 44 Years,133404,40 - 54 Years
8259,8259,1982,Total Residents,45 - 49 Years,106924,40 - 54 Years
8260,8260,1982,Total Residents,50 - 54 Years,95678,40 - 54 Years
8261,8261,1982,Total Residents,55 - 59 Years,74667,55 - 69 Years
8262,8262,1982,Total Residents,60 - 64 Years,61175,55 - 69 Years
8263,8263,1982,Total Residents,65 - 69 Years,48856,55 - 69 Years
8264,8264,1982,Total Residents,70 - 74 Years,37097,70 - 79 Years
8265,8265,1982,Total Residents,75 - 79 Years,na,70 - 79 Years
8266,8266,1982,Total Residents,80 - 84 Years,na,80 Years and Above
8580,8580,1983,Total Residents,0  -  4 Years,197758,0 - 14 Years
8581,8581,1983,Total Residents,5  -  9 Years,197474,0 - 14 Years
8582,8582,1983,Total Residents,10 - 14 Years,219605,0 - 14 Years
8583,8583,1983,Total Residents,15 - 19 Years,250371,15 - 24 Years
8584,8584,1983,Total Residents,20 - 24 Years,278286,15 - 24 Years
8585,8585,1983,Total Residents,25 - 29 Years,270327,25 - 39 Years
8586,8586,1983,Total Residents,30 - 34 Years,225225,25 - 39 Years
8587,8587,1983,Total Residents,35 - 39 Years,160051,25 - 39 Years
8588,8588,1983,Total Residents,40 - 44 Years,134040,40 - 54 Years
8589,8589,1983,Total Residents,45 - 49 Years,109166,40 - 54 Years
8590,8590,1983,Total Residents,50 - 54 Years,97296,40 - 54 Years
8591,8591,1983,Total Residents,55 - 59 Years,78475,55 - 69 Years
8592,8592,1983,Total Residents,60 - 64 Years,62662,55 - 69 Years
8593,8593,1983,Total Residents,65 - 69 Years,49603,55 - 69 Years
8594,8594,1983,Total Residents,70 - 74 Years,38665,70 - 79 Years
8595,8595,1983,Total Residents,75 - 79 Years,na,70 - 79 Years
8596,8596,1983,Total Residents,80 - 84 Years,na,80 Years and Above
8910,8910,1984,Total Residents,0  -  4 Years,199148,0 - 14 Years
8911,8911,1984,Total Residents,5  -  9 Years,193390,0 - 14 Years
8912,8912,1984,Total Residents,10 - 14 Years,220588,0 - 14 Years
8913,8913,1984,Total Residents,15 - 19 Years,238082,15 - 24 Years
8914,8914,1984,Total Residents,20 - 24 Years,276698,15 - 24 Years
8915,8915,1984,Total Residents,25 - 29 Years,278708,25 - 39 Years
8916,8916,1984,Total Residents,30 - 34 Years,234721,25 - 39 Years
8917,8917,1984,Total Residents,35 - 39 Years,176996,25 - 39 Years
8918,8918,1984,Total Residents,40 - 44 Years,133379,40 - 54 Years
8919,8919,1984,Total Residents,45 - 49 Years,116130,40 - 54 Years
8920,8920,1984,Total Residents,50 - 54 Years,98518,40 - 54 Years
8921,8921,1984,Total Residents,55 - 59 Years,83007,55 - 69 Years
8922,8922,1984,Total Residents,60 - 64 Years,64118,55 - 69 Years
8923,8923,1984,Total Residents,65 - 69 Years,50731,55 - 69 Years
8924,8924,1984,Total Residents,70 - 74 Years,39820,70 - 79 Years
8925,8925,1984,Total Residents,75 - 79 Years,na,70 - 79 Years
8926,8926,1984,Total Residents,80 - 84 Years,na,80 Years and Above
9240,9240,1985,Total Residents,0  -  4 Years,203346,0 - 14 Years
9241,9241,1985,Total Residents,5  -  9 Years,192039,0 - 14 Years
9242,9242,1985,Total Residents,10 - 14 Years,219364,0 - 14 Years
9243,9243,1985,Total Residents,15 - 19 Years,227897,15 - 24 Years
9244,9244,1985,Total Residents,20 - 24 Years,271686,15 - 24 Years
9245,9245,1985,Total Residents,25 - 29 Years,285241,25 - 39 Years
9246,9246,1985,Total Residents,30 - 34 Years,244604,25 - 39 Years
9247,9247,1985,Total Residents,35 - 39 Years,200017,25 - 39 Years
9248,9248,1985,Total Residents,40 - 44 Years,126919,40 - 54 Years
9249,9249,1985,Total Residents,45 - 49 Years,121343,40 - 54 Years
9250,9250,1985,Total Residents,50 - 54 Years,101945,40 - 54 Years
9251,9251,1985,Total Residents,55 - 59 Years,87264,55 - 69 Years
9252,9252,1985,Total Residents,60 - 64 Years,65302,55 - 69 Years
9253,9253,1985,Total Residents,65 - 69 Years,52297,55 - 69 Years
9254,9254,1985,Total Residents,70 - 74 Years,40671,70 - 79 Years
9255,9255,1985,Total Residents,75 - 79 Years,na,70 - 79 Years
9256,9256,1985,Total Residents,80 - 84 Years,na,80 Years and Above
9570,9570,1986,Total Residents,0  -  4 Years,202257,0 - 14 Years
9571,9571,1986,Total Residents,5  -  9 Years,194844,0 - 14 Years
9572,9572,1986,Total Residents,10 - 14 Years,214518,0 - 14 Years
9573,9573,1986,Total Residents,15 - 19 Years,220938,15 - 24 Years
9574,9574,1986,Total Residents,20 - 24 Years,266601,15 - 24 Years
9575,9575,1986,Total Residents,25 - 29 Years,288791,25 - 39 Years
9576,9576,1986,Total Residents,30 - 34 Years,256412,25 - 39 Years
9577,9577,1986,Total Residents,35 - 39 Years,216640,25 - 39 Years
9578,9578,1986,Total Residents,40 - 44 Years,126838,40 - 54 Years
9579,9579,1986,Total Residents,45 - 49 Years,128081,40 - 54 Years
9580,9580,1986,Total Residents,50 - 54 Years,104026,40 - 54 Years
9581,9581,1986,Total Residents,55 - 59 Years,90347,55 - 69 Years
9582,9582,1986,Total Residents,60 - 64 Years,67456,55 - 69 Years
9583,9583,1986,Total Residents,65 - 69 Years,53838,55 - 69 Years
9584,9584,1986,Total Residents,70 - 74 Years,40957,70 - 79 Years
9585,9585,1986,Total Residents,75 - 79 Years,na,70 - 79 Years
9586,9586,1986,Total Residents,80 - 84 Years,na,80 Years and Above
9900,9900,1987,Total Residents,0  -  4 Years,200069,0 - 14 Years
9901,9901,1987,Total Residents,5  -  9 Years,196552,0 - 14 Years
9902,9902,1987,Total Residents,10 - 14 Years,209844,0 - 14 Years
9903,9903,1987,Total Residents,15 - 19 Years,218541,15 - 24 Years
9904,9904,1987,Total Residents,20 - 24 Years,259416,15 - 24 Years
9905,9905,1987,Total Residents,25 - 29 Years,288082,25 - 39 Years
9906,9906,1987,Total Residents,30 - 34 Years,268321,25 - 39 Years
9907,9907,1987,Total Residents,35 - 39 Years,222456,25 - 39 Years
9908,9908,1987,Total Residents,40 - 44 Years,144305,40 - 54 Years
9909,9909,1987,Total Residents,45 - 49 Years,132431,40 - 54 Years
9910,9910,1987,Total Residents,50 - 54 Years,104197,40 - 54 Years
9911,9911,1987,Total Residents,55 - 59 Years,92179,55 - 69 Years
9912,9912,1987,Total Residents,60 - 64 Years,70741,55 - 69 Years
9913,9913,1987,Total Residents,65 - 69 Years,55177,55 - 69 Years
9914,9914,1987,Total Residents,70 - 74 Years,41727,70 - 79 Years
9915,9915,1987,Total Residents,75 - 79 Years,na,70 - 79 Years
9916,9916,1987,Total Residents,80 - 84 Years,na,80 Years and Above
10230,10230,1988,Total Residents,0  -  4 Years,204867,0 - 14 Years
10231,10231,1988,Total Residents,5  -  9 Years,201533,0 - 14 Years
10232,10232,1988,Total Residents,10 - 14 Years,201049,0 - 14 Years
10233,10233,1988,Total Residents,15 - 19 Years,220242,15 - 24 Years
10234,10234,1988,Total Residents,20 - 24 Years,251275,15 - 24 Years
10235,10235,1988,Total Residents,25 - 29 Years,287140,25 - 39 Years
10236,10236,1988,Total Residents,30 - 34 Years,278032,25 - 39 Years
10237,10237,1988,Total Residents,35 - 39 Years,231251,25 - 39 Years
10238,10238,1988,Total Residents,40 - 44 Years,162500,40 - 54 Years
10239,10239,1988,Total Residents,45 - 49 Years,133377,40 - 54 Years
10240,10240,1988,Total Residents,50 - 54 Years,106280,40 - 54 Years
10241,10241,1988,Total Residents,55 - 59 Years,93736,55 - 69 Years
10242,10242,1988,Total Residents,60 - 64 Years,74487,55 - 69 Years
10243,10243,1988,Total Residents,65 - 69 Years,56802,55 - 69 Years
10244,10244,1988,Total Residents,70 - 74 Years,42566,70 - 79 Years
10245,10245,1988,Total Residents,75 - 79 Years,na,70 - 79 Years
10246,10246,1988,Total Residents,80 - 84 Years,na,80 Years and Above
10560,10560,1989,Total Residents,0  -  4 Years,216686,0 - 14 Years
10561,10561,1989,Total Residents,5  -  9 Years,202071,0 - 14 Years
10562,10562,1989,Total Residents,10 - 14 Years,197204,0 - 14 Years
10563,10563,1989,Total Residents,15 - 19 Years,221948,15 - 24 Years
10564,10564,1989,Total Residents,20 - 24 Years,239559,15 - 24 Years
10565,10565,1989,Total Residents,25 - 29 Years,285964,25 - 39 Years
10566,10566,1989,Total Residents,30 - 34 Years,285529,25 - 39 Years
10567,10567,1989,Total Residents,35 - 39 Years,241269,25 - 39 Years
10568,10568,1989,Total Residents,40 - 44 Years,179267,40 - 54 Years
10569,10569,1989,Total Residents,45 - 49 Years,133292,40 - 54 Years
10570,10570,1989,Total Residents,50 - 54 Years,112410,40 - 54 Years
10571,10571,1989,Total Residents,55 - 59 Years,95644,55 - 69 Years
10572,10572,1989,Total Residents,60 - 64 Years,78730,55 - 69 Years
10573,10573,1989,Total Residents,65 - 69 Years,58298,55 - 69 Years
10574,10574,1989,Total Residents,70 - 74 Years,43498,70 - 79 Years
10575,10575,1989,Total Residents,75 - 79 Years,na,70 - 79 Years
10576,10576,1989,Total Residents,80 - 84 Years,na,80 Years and Above
10890,10890,1990,Total Residents,0  -  4 Years,224049,0 - 14 Years
10891,10891,1990,Total Residents,5  -  9 Years,205628,0 - 14 Years
10892,10892,1990,Total Residents,10 - 14 Years,198476,0 - 14 Years
10893,10893,1990,Total Residents,15 - 19 Years,223305,15 - 24 Years
10894,10894,1990,Total Residents,20 - 24 Years,238987,15 - 24 Years
10895,10895,1990,Total Residents,25 - 29 Years,290940,25 - 39 Years
10896,10896,1990,Total Residents,30 - 34 Years,298323,25 - 39 Years
10897,10897,1990,Total Residents,35 - 39 Years,255993,25 - 39 Years
10898,10898,1990,Total Residents,40 - 44 Years,206063,40 - 54 Years
10899,10899,1990,Total Residents,45 - 49 Years,128439,40 - 54 Years
10900,10900,1990,Total Residents,50 - 54 Years,118092,40 - 54 Years
10901,10901,1990,Total Residents,55 - 59 Years,100102,55 - 69 Years
10902,10902,1990,Total Residents,60 - 64 Years,83021,55 - 69 Years
10903,10903,1990,Total Residents,65 - 69 Years,59896,55 - 69 Years
10904,10904,1990,Total Residents,70 - 74 Years,45047,70 - 79 Years
10905,10905,1990,Total Residents,75 - 79 Years,32336,70 - 79 Years
10906,10906,1990,Total Residents,80 - 84 Years,17526,80 Years and Above
11220,11220,1991,Total Residents,0  -  4 Years,235519,0 - 14 Years
11221,11221,1991,Total Residents,5  -  9 Years,205807,0 - 14 Years
11222,11222,1991,Total Residents,10 - 14 Years,201155,0 - 14 Years
11223,11223,1991,Total Residents,15 - 19 Years,218157,15 - 24 Years
11224,11224,1991,Total Residents,20 - 24 Years,234658,15 - 24 Years
11225,11225,1991,Total Residents,25 - 29 Years,289839,25 - 39 Years
11226,11226,1991,Total Residents,30 - 34 Years,304022,25 - 39 Years
11227,11227,1991,Total Residents,35 - 39 Years,269191,25 - 39 Years
11228,11228,1991,Total Residents,40 - 44 Years,224210,40 - 54 Years
11229,11229,1991,Total Residents,45 - 49 Years,129004,40 - 54 Years
11230,11230,1991,Total Residents,50 - 54 Years,126490,40 - 54 Years
11231,11231,1991,Total Residents,55 - 59 Years,101397,55 - 69 Years
11232,11232,1991,Total Residents,60 - 64 Years,85729,55 - 69 Years
11233,11233,1991,Total Residents,65 - 69 Years,61988,55 - 69 Years
11234,11234,1991,Total Residents,70 - 74 Years,45868,70 - 79 Years
11235,11235,1991,Total Residents,75 - 79 Years,32475,70 - 79 Years
11236,11236,1991,Total Residents,80 - 84 Years,18856,80 Years and Above
11550,11550,1992,Total Residents,0  -  4 Years,245751,0 - 14 Years
11551,11551,1992,Total Residents,5  -  9 Years,204724,0 - 14 Years
11552,11552,1992,Total Residents,10 - 14 Years,202170,0 - 14 Years
11553,11553,1992,Total Residents,15 - 19 Years,213331,15 - 24 Years
11554,11554,1992,Total Residents,20 - 24 Years,234805,15 - 24 Years
11555,11555,1992,Total Residents,25 - 29 Years,286490,25 - 39 Years
11556,11556,1992,Total Residents,30 - 34 Years,306029,25 - 39 Years
11557,11557,1992,Total Residents,35 - 39 Years,281688,25 - 39 Years
11558,11558,1992,Total Residents,40 - 44 Years,231002,40 - 54 Years
11559,11559,1992,Total Residents,45 - 49 Years,147384,40 - 54 Years
11560,11560,1992,Total Residents,50 - 54 Years,131902,40 - 54 Years
11561,11561,1992,Total Residents,55 - 59 Years,101228,55 - 69 Years
11562,11562,1992,Total Residents,60 - 64 Years,87393,55 - 69 Years
11563,11563,1992,Total Residents,65 - 69 Years,65005,55 - 69 Years
11564,11564,1992,Total Residents,70 - 74 Years,46787,70 - 79 Years
11565,11565,1992,Total Residents,75 - 79 Years,32802,70 - 79 Years
11566,11566,1992,Total Residents,80 - 84 Years,20031,80 Years and Above
11880,11880,1993,Total Residents,0  -  4 Years,248771,0 - 14 Years
11881,11881,1993,Total Residents,5  -  9 Years,210359,0 - 14 Years
11882,11882,1993,Total Residents,10 - 14 Years,206698,0 - 14 Years
11883,11883,1993,Total Residents,15 - 19 Years,204085,15 - 24 Years
11884,11884,1993,Total Residents,20 - 24 Years,237867,15 - 24 Years
11885,11885,1993,Total Residents,25 - 29 Years,281789,25 - 39 Years
11886,11886,1993,Total Residents,30 - 34 Years,307731,25 - 39 Years
11887,11887,1993,Total Residents,35 - 39 Years,291778,25 - 39 Years
11888,11888,1993,Total Residents,40 - 44 Years,240317,40 - 54 Years
11889,11889,1993,Total Residents,45 - 49 Years,166332,40 - 54 Years
11890,11890,1993,Total Residents,50 - 54 Years,133399,40 - 54 Years
11891,11891,1993,Total Residents,55 - 59 Years,103679,55 - 69 Years
11892,11892,1993,Total Residents,60 - 64 Years,89063,55 - 69 Years
11893,11893,1993,Total Residents,65 - 69 Years,68521,55 - 69 Years
11894,11894,1993,Total Residents,70 - 74 Years,47987,70 - 79 Years
11895,11895,1993,Total Residents,75 - 79 Years,32968,70 - 79 Years
11896,11896,1993,Total Residents,80 - 84 Years,20950,80 Years and Above
12210,12210,1994,Total Residents,0  -  4 Years,247022,0 - 14 Years
12211,12211,1994,Total Residents,5  -  9 Years,223824,0 - 14 Years
12212,12212,1994,Total Residents,10 - 14 Years,207032,0 - 14 Years
12213,12213,1994,Total Residents,15 - 19 Years,200002,15 - 24 Years
12214,12214,1994,Total Residents,20 - 24 Years,239253,15 - 24 Years
12215,12215,1994,Total Residents,25 - 29 Years,273264,25 - 39 Years
12216,12216,1994,Total Residents,30 - 34 Years,309334,25 - 39 Years
12217,12217,1994,Total Residents,35 - 39 Years,300133,25 - 39 Years
12218,12218,1994,Total Residents,40 - 44 Years,250783,40 - 54 Years
12219,12219,1994,Total Residents,45 - 49 Years,183764,40 - 54 Years
12220,12220,1994,Total Residents,50 - 54 Years,133810,40 - 54 Years
12221,12221,1994,Total Residents,55 - 59 Years,110127,55 - 69 Years
12222,12222,1994,Total Residents,60 - 64 Years,91308,55 - 69 Years
12223,12223,1994,Total Residents,65 - 69 Years,72439,55 - 69 Years
12224,12224,1994,Total Residents,70 - 74 Years,49283,70 - 79 Years
12225,12225,1994,Total Residents,75 - 79 Years,33406,70 - 79 Years
12226,12226,1994,Total Residents,80 - 84 Years,21460,80 Years and Above
12540,12540,1995,Total Residents,0  -  4 Years,248089,0 - 14 Years
12541,12541,1995,Total Residents,5  -  9 Years,230583,0 - 14 Years
12542,12542,1995,Total Residents,10 - 14 Years,209583,0 - 14 Years
12543,12543,1995,Total Residents,15 - 19 Years,199898,15 - 24 Years
12544,12544,1995,Total Residents,20 - 24 Years,237425,15 - 24 Years
12545,12545,1995,Total Residents,25 - 29 Years,267010,25 - 39 Years
12546,12546,1995,Total Residents,30 - 34 Years,308824,25 - 39 Years
12547,12547,1995,Total Residents,35 - 39 Years,307434,25 - 39 Years
12548,12548,1995,Total Residents,40 - 44 Years,260994,40 - 54 Years
12549,12549,1995,Total Residents,45 - 49 Years,208085,40 - 54 Years
12550,12550,1995,Total Residents,50 - 54 Years,128066,40 - 54 Years
12551,12551,1995,Total Residents,55 - 59 Years,115530,55 - 69 Years
12552,12552,1995,Total Residents,60 - 64 Years,95326,55 - 69 Years
12553,12553,1995,Total Residents,65 - 69 Years,76091,55 - 69 Years
12554,12554,1995,Total Residents,70 - 74 Years,50597,70 - 79 Years
12555,12555,1995,Total Residents,75 - 79 Years,34178,70 - 79 Years
12556,12556,1995,Total Residents,80 - 84 Years,21689,80 Years and Above
12870,12870,1996,Total Residents,0  -  4 Years,245148,0 - 14 Years
12871,12871,1996,Total Residents,5  -  9 Years,242270,0 - 14 Years
12872,12872,1996,Total Residents,10 - 14 Years,209322,0 - 14 Years
12873,12873,1996,Total Residents,15 - 19 Years,202379,15 - 24 Years
12874,12874,1996,Total Residents,20 - 24 Years,231764,15 - 24 Years
12875,12875,1996,Total Residents,25 - 29 Years,263481,25 - 39 Years
12876,12876,1996,Total Residents,30 - 34 Years,309094,25 - 39 Years
12877,12877,1996,Total Residents,35 - 39 Years,313266,25 - 39 Years
12878,12878,1996,Total Residents,40 - 44 Years,273686,40 - 54 Years
12879,12879,1996,Total Residents,45 - 49 Years,225769,40 - 54 Years
12880,12880,1996,Total Residents,50 - 54 Years,128497,40 - 54 Years
12881,12881,1996,Total Residents,55 - 59 Years,123752,55 - 69 Years
12882,12882,1996,Total Residents,60 - 64 Years,96790,55 - 69 Years
12883,12883,1996,Total Residents,65 - 69 Years,78589,55 - 69 Years
12884,12884,1996,Total Residents,70 - 74 Years,52958,70 - 79 Years
12885,12885,1996,Total Residents,75 - 79 Years,34657,70 - 79 Years
12886,12886,1996,Total Residents,80 - 84 Years,21751,80 Years and Above
13200,13200,1997,Total Residents,0  -  4 Years,243259,0 - 14 Years
13201,13201,1997,Total Residents,5  -  9 Years,253311,0 - 14 Years
13202,13202,1997,Total Residents,10 - 14 Years,208388,0 - 14 Years
13203,13203,1997,Total Residents,15 - 19 Years,203429,15 - 24 Years
13204,13204,1997,Total Residents,20 - 24 Years,226764,15 - 24 Years
13205,13205,1997,Total Residents,25 - 29 Years,264769,25 - 39 Years
13206,13206,1997,Total Residents,30 - 34 Years,306773,25 - 39 Years
13207,13207,1997,Total Residents,35 - 39 Years,315944,25 - 39 Years
13208,13208,1997,Total Residents,40 - 44 Years,286259,40 - 54 Years
13209,13209,1997,Total Residents,45 - 49 Years,232426,40 - 54 Years
13210,13210,1997,Total Residents,50 - 54 Years,146576,40 - 54 Years
13211,13211,1997,Total Residents,55 - 59 Years,129003,55 - 69 Years
13212,13212,1997,Total Residents,60 - 64 Years,96766,55 - 69 Years
13213,13213,1997,Total Residents,65 - 69 Years,80324,55 - 69 Years
13214,13214,1997,Total Residents,70 - 74 Years,56176,70 - 79 Years
13215,13215,1997,Total Residents,75 - 79 Years,35441,70 - 79 Years
13216,13216,1997,Total Residents,80 - 84 Years,21859,80 Years and Above
13530,13530,1998,Total Residents,0  -  4 Years,240072,0 - 14 Years
13531,13531,1998,Total Residents,5  -  9 Years,257440,0 - 14 Years
13532,13532,1998,Total Residents,10 - 14 Years,214443,0 - 14 Years
13533,13533,1998,Total Residents,15 - 19 Years,208282,15 - 24 Years
13534,13534,1998,Total Residents,20 - 24 Years,217260,15 - 24 Years
13535,13535,1998,Total Residents,25 - 29 Years,268517,25 - 39 Years
13536,13536,1998,Total Residents,30 - 34 Years,304104,25 - 39 Years
13537,13537,1998,Total Residents,35 - 39 Years,319208,25 - 39 Years
13538,13538,1998,Total Residents,40 - 44 Years,296755,40 - 54 Years
13539,13539,1998,Total Residents,45 - 49 Years,241863,40 - 54 Years
13540,13540,1998,Total Residents,50 - 54 Years,165341,40 - 54 Years
13541,13541,1998,Total Residents,55 - 59 Years,130334,55 - 69 Years
13542,13542,1998,Total Residents,60 - 64 Years,99178,55 - 69 Years
13543,13543,1998,Total Residents,65 - 69 Years,82118,55 - 69 Years
13544,13544,1998,Total Residents,70 - 74 Years,59856,70 - 79 Years
13545,13545,1998,Total Residents,75 - 79 Years,36422,70 - 79 Years
13546,13546,1998,Total Residents,80 - 84 Years,22095,80 Years and Above
13860,13860,1999,Total Residents,0  -  4 Years,232614,0 - 14 Years
13861,13861,1999,Total Residents,5  -  9 Years,256149,0 - 14 Years
13862,13862,1999,Total Residents,10 - 14 Years,228191,0 - 14 Years
13863,13863,1999,Total Residents,15 - 19 Years,208600,15 - 24 Years
13864,13864,1999,Total Residents,20 - 24 Years,213031,15 - 24 Years
13865,13865,1999,Total Residents,25 - 29 Years,270217,25 - 39 Years
13866,13866,1999,Total Residents,30 - 34 Years,296867,25 - 39 Years
13867,13867,1999,Total Residents,35 - 39 Years,322289,25 - 39 Years
13868,13868,1999,Total Residents,40 - 44 Years,305241,40 - 54 Years
13869,13869,1999,Total Residents,45 - 49 Years,252282,40 - 54 Years
13870,13870,1999,Total Residents,50 - 54 Years,182738,40 - 54 Years
13871,13871,1999,Total Residents,55 - 59 Years,130631,55 - 69 Years
13872,13872,1999,Total Residents,60 - 64 Years,105370,55 - 69 Years
13873,13873,1999,Total Residents,65 - 69 Years,84391,55 - 69 Years
13874,13874,1999,Total Residents,70 - 74 Years,63592,70 - 79 Years
13875,13875,1999,Total Residents,75 - 79 Years,37951,70 - 79 Years
13876,13876,1999,Total Residents,80 - 84 Years,22345,80 Years and Above
14190,14190,2000,Total Residents,0  -  4 Years,225705,0 - 14 Years
14191,14191,2000,Total Residents,5  -  9 Years,256574,0 - 14 Years
14192,14192,2000,Total Residents,10 - 14 Years,235352,0 - 14 Years
14193,14193,2000,Total Residents,15 - 19 Years,211286,15 - 24 Years
14194,14194,2000,Total Residents,20 - 24 Years,212236,15 - 24 Years
14195,14195,2000,Total Residents,25 - 29 Years,267161,25 - 39 Years
14196,14196,2000,Total Residents,30 - 34 Years,290290,25 - 39 Years
14197,14197,2000,Total Residents,35 - 39 Years,322621,25 - 39 Years
14198,14198,2000,Total Residents,40 - 44 Years,312420,40 - 54 Years
14199,14199,2000,Total Residents,45 - 49 Years,262201,40 - 54 Years
14200,14200,2000,Total Residents,50 - 54 Years,206657,40 - 54 Years
14201,14201,2000,Total Residents,55 - 59 Years,125061,55 - 69 Years
14202,14202,2000,Total Residents,60 - 64 Years,110503,55 - 69 Years
14203,14203,2000,Total Residents,65 - 69 Years,88305,55 - 69 Years
14204,14204,2000,Total Residents,70 - 74 Years,66948,70 - 79 Years
14205,14205,2000,Total Residents,75 - 79 Years,39644,70 - 79 Years
14206,14206,2000,Total Residents,80 - 84 Years,22876,80 Years and Above
14520,14520,2001,Total Residents,0  -  4 Years,222991,0 - 14 Years
14521,14521,2001,Total Residents,5  -  9 Years,254077,0 - 14 Years
14522,14522,2001,Total Residents,10 - 14 Years,246972,0 - 14 Years
14523,14523,2001,Total Residents,15 - 19 Years,210903,15 - 24 Years
14524,14524,2001,Total Residents,20 - 24 Years,214636,15 - 24 Years
14525,14525,2001,Total Residents,25 - 29 Years,262754,25 - 39 Years
14526,14526,2001,Total Residents,30 - 34 Years,286690,25 - 39 Years
14527,14527,2001,Total Residents,35 - 39 Years,322878,25 - 39 Years
14528,14528,2001,Total Residents,40 - 44 Years,317996,40 - 54 Years
14529,14529,2001,Total Residents,45 - 49 Years,274569,40 - 54 Years
14530,14530,2001,Total Residents,50 - 54 Years,223842,40 - 54 Years
14531,14531,2001,Total Residents,55 - 59 Years,125449,55 - 69 Years
14532,14532,2001,Total Residents,60 - 64 Years,118506,55 - 69 Years
14533,14533,2001,Total Residents,65 - 69 Years,89676,55 - 69 Years
14534,14534,2001,Total Residents,70 - 74 Years,69048,70 - 79 Years
14535,14535,2001,Total Residents,75 - 79 Years,42501,70 - 79 Years
14536,14536,2001,Total Residents,80 - 84 Years,23897,80 Years and Above
14850,14850,2002,Total Residents,0  -  4 Years,217798,0 - 14 Years
14851,14851,2002,Total Residents,5  -  9 Years,253192,0 - 14 Years
14852,14852,2002,Total Residents,10 - 14 Years,257692,0 - 14 Years
14853,14853,2002,Total Residents,15 - 19 Years,209687,15 - 24 Years
14854,14854,2002,Total Residents,20 - 24 Years,216313,15 - 24 Years
14855,14855,2002,Total Residents,25 - 29 Years,262720,25 - 39 Years
14856,14856,2002,Total Residents,30 - 34 Years,289184,25 - 39 Years
14857,14857,2002,Total Residents,35 - 39 Years,320753,25 - 39 Years
14858,14858,2002,Total Residents,40 - 44 Years,320863,40 - 54 Years
14859,14859,2002,Total Residents,45 - 49 Years,286738,40 - 54 Years
14860,14860,2002,Total Residents,50 - 54 Years,230367,40 - 54 Years
14861,14861,2002,Total Residents,55 - 59 Years,143175,55 - 69 Years
14862,14862,2002,Total Residents,60 - 64 Years,123438,55 - 69 Years
14863,14863,2002,Total Residents,65 - 69 Years,89587,55 - 69 Years
14864,14864,2002,Total Residents,70 - 74 Years,70642,70 - 79 Years
14865,14865,2002,Total Residents,75 - 79 Years,45830,70 - 79 Years
14866,14866,2002,Total Residents,80 - 84 Years,25213,80 Years and Above
15180,15180,2003,Total Residents,0  -  4 Years,209903,0 - 14 Years
15181,15181,2003,Total Residents,5  -  9 Years,247044,0 - 14 Years
15182,15182,2003,Total Residents,10 - 14 Years,259124,0 - 14 Years
15183,15183,2003,Total Residents,15 - 19 Years,214074,15 - 24 Years
15184,15184,2003,Total Residents,20 - 24 Years,215412,15 - 24 Years
15185,15185,2003,Total Residents,25 - 29 Years,250878,25 - 39 Years
15186,15186,2003,Total Residents,30 - 34 Years,287304,25 - 39 Years
15187,15187,2003,Total Residents,35 - 39 Years,310643,25 - 39 Years
15188,15188,2003,Total Residents,40 - 44 Years,318282,40 - 54 Years
15189,15189,2003,Total Residents,45 - 49 Years,292791,40 - 54 Years
15190,15190,2003,Total Residents,50 - 54 Years,233180,40 - 54 Years
15191,15191,2003,Total Residents,55 - 59 Years,157894,55 - 69 Years
15192,15192,2003,Total Residents,60 - 64 Years,121724,55 - 69 Years
15193,15193,2003,Total Residents,65 - 69 Years,89883,55 - 69 Years
15194,15194,2003,Total Residents,70 - 74 Years,70002,70 - 79 Years
15195,15195,2003,Total Residents,75 - 79 Years,42863,70 - 79 Years
15196,15196,2003,Total Residents,80 - 84 Years,25783,80 Years and Above
15510,15510,2004,Total Residents,0  -  4 Years,204819,0 - 14 Years
15511,15511,2004,Total Residents,5  -  9 Years,240517,0 - 14 Years
15512,15512,2004,Total Residents,10 - 14 Years,257283,0 - 14 Years
15513,15513,2004,Total Residents,15 - 19 Years,227417,15 - 24 Years
15514,15514,2004,Total Residents,20 - 24 Years,215217,15 - 24 Years
15515,15515,2004,Total Residents,25 - 29 Years,246713,25 - 39 Years
15516,15516,2004,Total Residents,30 - 34 Years,290489,25 - 39 Years
15517,15517,2004,Total Residents,35 - 39 Years,302908,25 - 39 Years
15518,15518,2004,Total Residents,40 - 44 Years,321057,40 - 54 Years
15519,15519,2004,Total Residents,45 - 49 Years,300671,40 - 54 Years
15520,15520,2004,Total Residents,50 - 54 Years,244110,40 - 54 Years
15521,15521,2004,Total Residents,55 - 59 Years,174788,55 - 69 Years
15522,15522,2004,Total Residents,60 - 64 Years,122736,55 - 69 Years
15523,15523,2004,Total Residents,65 - 69 Years,96007,55 - 69 Years
15524,15524,2004,Total Residents,70 - 74 Years,72485,70 - 79 Years
15525,15525,2004,Total Residents,75 - 79 Years,47875,70 - 79 Years
15526,15526,2004,Total Residents,80 - 84 Years,26864,80 Years and Above
15840,15840,2005,Total Residents,0  -  4 Years,199529,0 - 14 Years
15841,15841,2005,Total Residents,5  -  9 Years,237237,0 - 14 Years
15842,15842,2005,Total Residents,10 - 14 Years,258553,0 - 14 Years
15843,15843,2005,Total Residents,15 - 19 Years,234921,15 - 24 Years
15844,15844,2005,Total Residents,20 - 24 Years,218951,15 - 24 Years
15845,15845,2005,Total Residents,25 - 29 Years,247799,25 - 39 Years
15846,15846,2005,Total Residents,30 - 34 Years,293414,25 - 39 Years
15847,15847,2005,Total Residents,35 - 39 Years,299153,25 - 39 Years
15848,15848,2005,Total Residents,40 - 44 Years,321472,40 - 54 Years
15849,15849,2005,Total Residents,45 - 49 Years,307546,40 - 54 Years
15850,15850,2005,Total Residents,50 - 54 Years,254168,40 - 54 Years
15851,15851,2005,Total Residents,55 - 59 Years,197803,55 - 69 Years
15852,15852,2005,Total Residents,60 - 64 Years,117575,55 - 69 Years
15853,15853,2005,Total Residents,65 - 69 Years,101088,55 - 69 Years
15854,15854,2005,Total Residents,70 - 74 Years,76545,70 - 79 Years
15855,15855,2005,Total Residents,75 - 79 Years,51601,70 - 79 Years
15856,15856,2005,Total Residents,80 - 84 Years,27879,80 Years and Above
16170,16170,2006,Total Residents,0  -  4 Years,194479,0 - 14 Years
16171,16171,2006,Total Residents,5  -  9 Years,235204,0 - 14 Years
16172,16172,2006,Total Residents,10 - 14 Years,256482,0 - 14 Years
16173,16173,2006,Total Residents,15 - 19 Years,246547,15 - 24 Years
16174,16174,2006,Total Residents,20 - 24 Years,219631,15 - 24 Years
16175,16175,2006,Total Residents,25 - 29 Years,251659,25 - 39 Years
16176,16176,2006,Total Residents,30 - 34 Years,293251,25 - 39 Years
16177,16177,2006,Total Residents,35 - 39 Years,298203,25 - 39 Years
16178,16178,2006,Total Residents,40 - 44 Years,323017,40 - 54 Years
16179,16179,2006,Total Residents,45 - 49 Years,312858,40 - 54 Years
16180,16180,2006,Total Residents,50 - 54 Years,266994,40 - 54 Years
16181,16181,2006,Total Residents,55 - 59 Years,214601,55 - 69 Years
16182,16182,2006,Total Residents,60 - 64 Years,118242,55 - 69 Years
16183,16183,2006,Total Residents,65 - 69 Years,108837,55 - 69 Years
16184,16184,2006,Total Residents,70 - 74 Years,78317,70 - 79 Years
16185,16185,2006,Total Residents,75 - 79 Years,54413,70 - 79 Years
16186,16186,2006,Total Residents,80 - 84 Years,29443,80 Years and Above
16500,16500,2007,Total Residents,0  -  4 Years,193626,0 - 14 Years
16501,16501,2007,Total Residents,5  -  9 Years,229541,0 - 14 Years
16502,16502,2007,Total Residents,10 - 14 Years,255292,0 - 14 Years
16503,16503,2007,Total Residents,15 - 19 Years,257298,15 - 24 Years
16504,16504,2007,Total Residents,20 - 24 Years,218485,15 - 24 Years
16505,16505,2007,Total Residents,25 - 29 Years,254523,25 - 39 Years
16506,16506,2007,Total Residents,30 - 34 Years,294453,25 - 39 Years
16507,16507,2007,Total Residents,35 - 39 Years,301973,25 - 39 Years
16508,16508,2007,Total Residents,40 - 44 Years,321049,40 - 54 Years
16509,16509,2007,Total Residents,45 - 49 Years,315552,40 - 54 Years
16510,16510,2007,Total Residents,50 - 54 Years,279220,40 - 54 Years
16511,16511,2007,Total Residents,55 - 59 Years,220983,55 - 69 Years
16512,16512,2007,Total Residents,60 - 64 Years,135501,55 - 69 Years
16513,16513,2007,Total Residents,65 - 69 Years,113757,55 - 69 Years
16514,16514,2007,Total Residents,70 - 74 Years,78631,70 - 79 Years
16515,16515,2007,Total Residents,75 - 79 Years,56732,70 - 79 Years
16516,16516,2007,Total Residents,80 - 84 Years,31519,80 Years and Above
16830,16830,2008,Total Residents,0  -  4 Years,193889,0 - 14 Years
16831,16831,2008,Total Residents,5  -  9 Years,223622,0 - 14 Years
16832,16832,2008,Total Residents,10 - 14 Years,253796,0 - 14 Years
16833,16833,2008,Total Residents,15 - 19 Years,262856,15 - 24 Years
16834,16834,2008,Total Residents,20 - 24 Years,225385,15 - 24 Years
16835,16835,2008,Total Residents,25 - 29 Years,263114,25 - 39 Years
16836,16836,2008,Total Residents,30 - 34 Years,289817,25 - 39 Years
16837,16837,2008,Total Residents,35 - 39 Years,307243,25 - 39 Years
16838,16838,2008,Total Residents,40 - 44 Years,317363,40 - 54 Years
16839,16839,2008,Total Residents,45 - 49 Years,318078,40 - 54 Years
16840,16840,2008,Total Residents,50 - 54 Years,289189,40 - 54 Years
16841,16841,2008,Total Residents,55 - 59 Years,229356,55 - 69 Years
16842,16842,2008,Total Residents,60 - 64 Years,153161,55 - 69 Years
16843,16843,2008,Total Residents,65 - 69 Years,115185,55 - 69 Years
16844,16844,2008,Total Residents,70 - 74 Years,81307,70 - 79 Years
16845,16845,2008,Total Residents,75 - 79 Years,59001,70 - 79 Years
16846,16846,2008,Total Residents,80 - 84 Years,33882,80 Years and Above
17160,17160,2009,Total Residents,0  -  4 Years,197788,0 - 14 Years
17161,17161,2009,Total Residents,5  -  9 Years,221435,0 - 14 Years
17162,17162,2009,Total Residents,10 - 14 Years,248628,0 - 14 Years
17163,17163,2009,Total Residents,15 - 19 Years,262775,15 - 24 Years
17164,17164,2009,Total Residents,20 - 24 Years,241753,15 - 24 Years
17165,17165,2009,Total Residents,25 - 29 Years,274308,25 - 39 Years
17166,17166,2009,Total Residents,30 - 34 Years,297240,25 - 39 Years
17167,17167,2009,Total Residents,35 - 39 Years,317311,25 - 39 Years
17168,17168,2009,Total Residents,40 - 44 Years,312983,40 - 54 Years
17169,17169,2009,Total Residents,45 - 49 Years,322497,40 - 54 Years
17170,17170,2009,Total Residents,50 - 54 Years,297383,40 - 54 Years
17171,17171,2009,Total Residents,55 - 59 Years,239947,55 - 69 Years
17172,17172,2009,Total Residents,60 - 64 Years,169696,55 - 69 Years
17173,17173,2009,Total Residents,65 - 69 Years,116258,55 - 69 Years
17174,17174,2009,Total Residents,70 - 74 Years,87428,70 - 79 Years
17175,17175,2009,Total Residents,75 - 79 Years,61490,70 - 79 Years
17176,17176,2009,Total Residents,80 - 84 Years,37143,80 Years and Above
17490,17490,2010,Total Residents,0  -  4 Years,194432,0 - 14 Years
17491,17491,2010,Total Residents,5  -  9 Years,215675,0 - 14 Years
17492,17492,2010,Total Residents,10 - 14 Years,244302,0 - 14 Years
17493,17493,2010,Total Residents,15 - 19 Years,263750,15 - 24 Years
17494,17494,2010,Total Residents,20 - 24 Years,247190,15 - 24 Years
17495,17495,2010,Total Residents,25 - 29 Years,272639,25 - 39 Years
17496,17496,2010,Total Residents,30 - 34 Years,298687,25 - 39 Years
17497,17497,2010,Total Residents,35 - 39 Years,320024,25 - 39 Years
17498,17498,2010,Total Residents,40 - 44 Years,309441,40 - 54 Years
17499,17499,2010,Total Residents,45 - 49 Years,323459,40 - 54 Years
17500,17500,2010,Total Residents,50 - 54 Years,303044,40 - 54 Years
17501,17501,2010,Total Residents,55 - 59 Years,248696,55 - 69 Years
17502,17502,2010,Total Residents,60 - 64 Years,191995,55 - 69 Years
17503,17503,2010,Total Residents,65 - 69 Years,111511,55 - 69 Years
17504,17504,2010,Total Residents,70 - 74 Years,92618,70 - 79 Years
17505,17505,2010,Total Residents,75 - 79 Years,65178,70 - 79 Years
17506,17506,2010,Total Residents,80 - 84 Years,39839,80 Years and Above
17820,17820,2011,Total Residents,0  -  4 Years,188249,0 - 14 Years
17821,17821,2011,Total Residents,5  -  9 Years,208119,0 - 14 Years
17822,17822,2011,Total Residents,10 - 14 Years,240536,0 - 14 Years
17823,17823,2011,Total Residents,15 - 19 Years,260738,15 - 24 Years
17824,17824,2011,Total Residents,20 - 24 Years,255069,15 - 24 Years
17825,17825,2011,Total Residents,25 - 29 Years,262606,25 - 39 Years
17826,17826,2011,Total Residents,30 - 34 Years,297555,25 - 39 Years
17827,17827,2011,Total Residents,35 - 39 Years,316161,25 - 39 Years
17828,17828,2011,Total Residents,40 - 44 Years,306614,40 - 54 Years
17829,17829,2011,Total Residents,45 - 49 Years,323991,40 - 54 Years
17830,17830,2011,Total Residents,50 - 54 Years,308130,40 - 54 Years
17831,17831,2011,Total Residents,55 - 59 Years,260678,55 - 69 Years
17832,17832,2011,Total Residents,60 - 64 Years,208160,55 - 69 Years
17833,17833,2011,Total Residents,65 - 69 Years,112396,55 - 69 Years
17834,17834,2011,Total Residents,70 - 74 Years,100073,70 - 79 Years
17835,17835,2011,Total Residents,75 - 79 Years,66909,70 - 79 Years
17836,17836,2011,Total Residents,80 - 84 Years,42145,80 Years and Above
18150,18150,2012,Total Residents,0  -  4 Years,186673,0 - 14 Years
18151,18151,2012,Total Residents,5  -  9 Years,206324,0 - 14 Years
18152,18152,2012,Total Residents,10 - 14 Years,233320,0 - 14 Years
18153,18153,2012,Total Residents,15 - 19 Years,258861,15 - 24 Years
18154,18154,2012,Total Residents,20 - 24 Years,264506,15 - 24 Years
18155,18155,2012,Total Residents,25 - 29 Years,254582,25 - 39 Years
18156,18156,2012,Total Residents,30 - 34 Years,295396,25 - 39 Years
18157,18157,2012,Total Residents,35 - 39 Years,313970,25 - 39 Years
18158,18158,2012,Total Residents,40 - 44 Years,308823,40 - 54 Years
18159,18159,2012,Total Residents,45 - 49 Years,320925,40 - 54 Years
18160,18160,2012,Total Residents,50 - 54 Years,310376,40 - 54 Years
18161,18161,2012,Total Residents,55 - 59 Years,271817,55 - 69 Years
18162,18162,2012,Total Residents,60 - 64 Years,213996,55 - 69 Years
18163,18163,2012,Total Residents,65 - 69 Years,128879,55 - 69 Years
18164,18164,2012,Total Residents,70 - 74 Years,104414,70 - 79 Years
18165,18165,2012,Total Residents,75 - 79 Years,67675,70 - 79 Years
18166,18166,2012,Total Residents,80 - 84 Years,44115,80 Years and Above
18480,18480,2013,Total Residents,0  -  4 Years,183295,0 - 14 Years
18481,18481,2013,Total Residents,5  -  9 Years,205704,0 - 14 Years
18482,18482,2013,Total Residents,10 - 14 Years,226244,0 - 14 Years
18483,18483,2013,Total Residents,15 - 19 Years,255066,15 - 24 Years
18484,18484,2013,Total Residents,20 - 24 Years,266889,15 - 24 Years
18485,18485,2013,Total Residents,25 - 29 Years,255615,25 - 39 Years
18486,18486,2013,Total Residents,30 - 34 Years,296870,25 - 39 Years
18487,18487,2013,Total Residents,35 - 39 Years,305503,25 - 39 Years
18488,18488,2013,Total Residents,40 - 44 Years,312581,40 - 54 Years
18489,18489,2013,Total Residents,45 - 49 Years,316336,40 - 54 Years
18490,18490,2013,Total Residents,50 - 54 Years,312988,40 - 54 Years
18491,18491,2013,Total Residents,55 - 59 Years,281069,55 - 69 Years
18492,18492,2013,Total Residents,60 - 64 Years,222154,55 - 69 Years
18493,18493,2013,Total Residents,65 - 69 Years,145817,55 - 69 Years
18494,18494,2013,Total Residents,70 - 74 Years,105746,70 - 79 Years
18495,18495,2013,Total Residents,75 - 79 Years,70619,70 - 79 Years
18496,18496,2013,Total Residents,80 - 84 Years,46199,80 Years and Above
18810,18810,2014,Total Residents,0  -  4 Years,181369,0 - 14 Years
18811,18811,2014,Total Residents,5  -  9 Years,205790,0 - 14 Years
18812,18812,2014,Total Residents,10 - 14 Years,220796,0 - 14 Years
18813,18813,2014,Total Residents,15 - 19 Years,247337,15 - 24 Years
18814,18814,2014,Total Residents,20 - 24 Years,263918,15 - 24 Years
18815,18815,2014,Total Residents,25 - 29 Years,265659,25 - 39 Years
18816,18816,2014,Total Residents,30 - 34 Years,292287,25 - 39 Years
18817,18817,2014,Total Residents,35 - 39 Years,302029,25 - 39 Years
18818,18818,2014,Total Residents,40 - 44 Years,316023,40 - 54 Years
18819,18819,2014,Total Residents,45 - 49 Years,308533,40 - 54 Years
18820,18820,2014,Total Residents,50 - 54 Years,315503,40 - 54 Years
18821,18821,2014,Total Residents,55 - 59 Years,288392,55 - 69 Years
18822,18822,2014,Total Residents,60 - 64 Years,231502,55 - 69 Years
18823,18823,2014,Total Residents,65 - 69 Years,161198,55 - 69 Years
18824,18824,2014,Total Residents,70 - 74 Years,106815,70 - 79 Years
18825,18825,2014,Total Residents,75 - 79 Years,76294,70 - 79 Years
18826,18826,2014,Total Residents,80 - 84 Years,48418,80 Years and Above
19140,19140,2015,Total Residents,0  -  4 Years,183575,0 - 14 Years
19141,19141,2015,Total Residents,5  -  9 Years,204452,0 - 14 Years
19142,19142,2015,Total Residents,10 - 14 Years,214388,0 - 14 Years
19143,19143,2015,Total Residents,15 - 19 Years,242902,15 - 24 Years
19144,19144,2015,Total Residents,20 - 24 Years,264127,15 - 24 Years
19145,19145,2015,Total Residents,25 - 29 Years,271030,25 - 39 Years
19146,19146,2015,Total Residents,30 - 34 Years,290619,25 - 39 Years
19147,19147,2015,Total Residents,35 - 39 Years,301067,25 - 39 Years
19148,19148,2015,Total Residents,40 - 44 Years,316755,40 - 54 Years
19149,19149,2015,Total Residents,45 - 49 Years,303413,40 - 54 Years
19150,19150,2015,Total Residents,50 - 54 Years,315091,40 - 54 Years
19151,19151,2015,Total Residents,55 - 59 Years,295063,55 - 69 Years
19152,19152,2015,Total Residents,60 - 64 Years,240493,55 - 69 Years
19153,19153,2015,Total Residents,65 - 69 Years,182425,55 - 69 Years
19154,19154,2015,Total Residents,70 - 74 Years,102631,70 - 79 Years
19155,19155,2015,Total Residents,75 - 79 Years,81211,70 - 79 Years
19156,19156,2015,Total Residents,80 - 84 Years,51785,80 Years and Above
19470,19470,2016,Total Residents,0  -  4 Years,187160,0 - 14 Years
19471,19471,2016,Total Residents,5  -  9 Years,201509,0 - 14 Years
19472,19472,2016,Total Residents,10 - 14 Years,207495,0 - 14 Years
19473,19473,2016,Total Residents,15 - 19 Years,239771,15 - 24 Years
19474,19474,2016,Total Residents,20 - 24 Years,260854,15 - 24 Years
19475,19475,2016,Total Residents,25 - 29 Years,279988,25 - 39 Years
19476,19476,2016,Total Residents,30 - 34 Years,285544,25 - 39 Years
19477,19477,2016,Total Residents,35 - 39 Years,301998,25 - 39 Years
19478,19478,2016,Total Residents,40 - 44 Years,313445,40 - 54 Years
19479,19479,2016,Total Residents,45 - 49 Years,301183,40 - 54 Years
19480,19480,2016,Total Residents,50 - 54 Years,315598,40 - 54 Years
19481,19481,2016,Total Residents,55 - 59 Years,299591,55 - 69 Years
19482,19482,2016,Total Residents,60 - 64 Years,251853,55 - 69 Years
19483,19483,2016,Total Residents,65 - 69 Years,198020,55 - 69 Years
19484,19484,2016,Total Residents,70 - 74 Years,103796,70 - 79 Years
19485,19485,2016,Total Residents,75 - 79 Years,87955,70 - 79 Years
19486,19486,2016,Total Residents,80 - 84 Years,53556,80 Years and Above
19800,19800,2017,Total Residents,0  -  4 Years,187653,0 - 14 Years
19801,19801,2017,Total Residents,5  -  9 Years,200575,0 - 14 Years
19802,19802,2017,Total Residents,10 - 14 Years,206253,0 - 14 Years
19803,19803,2017,Total Residents,15 - 19 Years,232973,15 - 24 Years
19804,19804,2017,Total Residents,20 - 24 Years,259072,15 - 24 Years
19805,19805,2017,Total Residents,25 - 29 Years,290198,25 - 39 Years
19806,19806,2017,Total Residents,30 - 34 Years,279340,25 - 39 Years
19807,19807,2017,Total Residents,35 - 39 Years,300956,25 - 39 Years
19808,19808,2017,Total Residents,40 - 44 Years,311484,40 - 54 Years
19809,19809,2017,Total Residents,45 - 49 Years,303457,40 - 54 Years
19810,19810,2017,Total Residents,50 - 54 Years,312814,40 - 54 Years
19811,19811,2017,Total Residents,55 - 59 Years,301678,55 - 69 Years
19812,19812,2017,Total Residents,60 - 64 Years,262651,55 - 69 Years
19813,19813,2017,Total Residents,65 - 69 Years,203969,55 - 69 Years
19814,19814,2017,Total Residents,70 - 74 Years,119494,70 - 79 Years
19815,19815,2017,Total Residents,75 - 79 Years,91953,70 - 79 Years
19816,19816,2017,Total Residents,80 - 84 Years,54341,80 Years and Above
20130,20130,2018,Total Residents,0  -  4 Years,185528,0 - 14 Years
20131,20131,2018,Total Residents,5  -  9 Years,199066,0 - 14 Years
20132,20132,2018,Total Residents,10 - 14 Years,206530,0 - 14 Years
20133,20133,2018,Total Residents,15 - 19 Years,226520,15 - 24 Years
20134,20134,2018,Total Residents,20 - 24 Years,255516,15 - 24 Years
20135,20135,2018,Total Residents,25 - 29 Years,291631,25 - 39 Years
20136,20136,2018,Total Residents,30 - 34 Years,281397,25 - 39 Years
20137,20137,2018,Total Residents,35 - 39 Years,303720,25 - 39 Years
20138,20138,2018,Total Residents,40 - 44 Years,303640,40 - 54 Years
20139,20139,2018,Total Residents,45 - 49 Years,307838,40 - 54 Years
20140,20140,2018,Total Residents,50 - 54 Years,308965,40 - 54 Years
20141,20141,2018,Total Residents,55 - 59 Years,304390,55 - 69 Years
20142,20142,2018,Total Residents,60 - 64 Years,271688,55 - 69 Years
20143,20143,2018,Total Residents,65 - 69 Years,212101,55 - 69 Years
20144,20144,2018,Total Residents,70 - 74 Years,135546,70 - 79 Years
20145,20145,2018,Total Residents,75 - 79 Years,93327,70 - 79 Years
20146,20146,2018,Total Residents,80 - 84 Years,57103,80 Years and Above
